recipe_id,title,image_reviewed,sha256,historical_full_frame_inspected,historical_individual_original_followup,historical_inspection_sheet,historical_inspection_position,historical_result,result,disposition_basis,observation,uncertainty,visible_credit,other_visible_text,quality_observation,crop_caveat,disposition,native_display_tested,rights_clearance
53262,Adana kebab,photos/53262.jpg,35c7bd2e3c12faebce9245825c8c59037fcaa46025407d74c3afc3395392ad41,True,True,inspection-sheets/photos-01.jpg,1,broadly_consistent,broadly_consistent,historical_photo_review.v1,"Grilled elongated minced-meat skewers fill a patterned platter, with fresh garnish around the edges.",Broad kebab form is consistent; meat type and recipe attribution cannot be proved visually.,© CHILI TO CHOC,,Meat texture is clear; rear garnish is softer.,The lower-right © CHILI TO CHOC mark is outside a centered 4:3 crop; preserve the entire frame and mark.,preserve_full_frame_and_credit,False,not assessed
53169,Ajo blanco,photos/53169.jpg,497e0f1ca2d65e9a7c1a8a4347c3fc1adc5a251374235caf2b450e5f58cf5f6c,True,False,inspection-sheets/photos-01.jpg,2,broadly_consistent,broadly_consistent,historical_photo_review.v1,"A brown bowl contains smooth pale soup with light slices, oil droplets and a small central garnish.",Pale soup form is compatible; garlic and almond composition cannot be confirmed from appearance.,,,"Soup and bowl are clear, with a shallow-focus background.",Wide cropping removes the bowl base and top rim; keep the central soup surface and rim readable.,review_proposed_crop_against_full_frame,False,not assessed
53138,Alfajores,photos/53138.jpg,23f4d0e2bd9894ae83f374589fe6338bf27052324b74f476c25e641feba39534,True,False,inspection-sheets/photos-01.jpg,3,broadly_consistent,broadly_consistent,historical_photo_review.v1,Three round sandwich biscuits are stacked with dark filling and white shreds around the edges.,Broad filled-biscuit form is consistent; filling identity is unverified.,,,Front biscuit layers are clear; background is softly blurred.,Wide cropping cuts the tall stack and its plate; square or full frame preserves all layers.,review_proposed_crop_against_full_frame,False,not assessed
53281,Algerian Kefta (Meatballs),photos/53281.jpg,3fd61878dea736e964402569dc94d7d04d6292ddf29ab2e5aaf07fd8caf1c1eb,True,True,inspection-sheets/photos-01.jpg,4,broadly_consistent,broadly_consistent,historical_photo_review.v1,Brown round meatball-like pieces and small pale round items sit in reddish sauce in a decorated bowl.,Broad meatball-stew form is consistent; exact ingredients and regional identity are unverified.,,,Visible coarse pixels and soft edges reduce fine detail.,The bowl fills the frame; wide crops cut its rim and lower contents.,review_proposed_crop_against_full_frame,False,not assessed
53049,Apam balik,photos/53049.jpg,d835786dcbc41d7955176fd56c71b72b162586530b25b1701e8fe08cb76417a8,True,False,inspection-sheets/photos-02.jpg,1,broadly_consistent,broadly_consistent,historical_photo_review.v1,"Thick folded pancake portions show a pale filling with small yellow pieces, beside a cup.",Folded filled-pancake form is consistent; filling composition is unverified.,,,Foreground filling is readable; the rear cup and lights are blurred.,Keep a cut face in view; an upper crop could prioritize the empty background and cup.,review_proposed_crop_against_full_frame,False,not assessed
53380,Apple cake,photos/53380.jpg,57009136f9764c171a594735855e1e4383481f2d46f02a37fef2edcb10479a65,True,False,inspection-sheets/photos-02.jpg,2,broadly_consistent,broadly_consistent,historical_photo_review.v1,A sugar-dusted round cake has a wedge removed; a separate slice sits on a plate to the right.,Cake form is consistent; fruit identity cannot be proved by the image alone.,,,Cake crust and cut fruit-like pieces are clear.,The cake at left and slice at right are both useful; narrow crops can lose one and wide crops trim cake edges.,review_proposed_crop_against_full_frame,False,not assessed
53389,Apple Potato Mash (Hete bliksem),photos/53389.jpg,f524acd1a8bccbc7695548c14e4f5cc34096f4b247ee435646a4c3108680782d,True,True,inspection-sheets/photos-02.jpg,3,broadly_consistent,uncertain_photo_text_match,source-amendment-addendum.v2,"The supplied photo may show a different preparation. It shows a browned layered dish, while the supplied instructions describe boiled apple-potato mash and separately pan-fried accompaniments. The text may also contain gaps; neither the photo nor this note verifies the recipe's completeness. No ingredients or steps have been inferred from the image.","Exact pictured variant, recipe completeness, hidden ingredients and rights remain unverified. No new photo inspection occurred during this staging task.",,,Foreground topping and cut layers are clear; background serving is softer.,Keep the cutaway at left and ridged topping; a tight center crop may hide the layered form.,preserve_full_frame_with_visible_source_uncertainty,False,not assessed
53334,Arepa Pabellón,photos/53334.jpg,f0717220542376ec6386e4d460692207e12594f69ffd1b9b39c16628ca5eacee,True,False,inspection-sheets/photos-02.jpg,4,broadly_consistent,broadly_consistent,historical_photo_review.v1,"An opened round pale bread is filled high with dark beans, shredded white topping and browned strips.",Broad stuffed-arepa form is consistent; exact filling components are unverified.,,,"Filling and bread texture are clear, with a soft background.",The filling is tall and close to the frame edges; retain top bread and bottom filling together.,review_proposed_crop_against_full_frame,False,not assessed
53094,Baba Ghanoush,photos/53094.jpg,795d130b4931862bf79907aa1fa4016d07abc49f0e789442f1db4f1152b5f237,True,False,inspection-sheets/photos-03.jpg,1,broadly_consistent,broadly_consistent,historical_photo_review.v1,A mound of gray-beige textured dip with oil pools is served with triangular toasted flatbread pieces.,Broad dip presentation is compatible; the puree's ingredients are not visually identifiable.,,,Dip texture is visible; the top background is softer.,Wide crops can remove most bread tips; preserve dip and at least some bread context.,review_proposed_crop_against_full_frame,False,not assessed
53103,Barramundi with Moroccan spices,photos/53103.jpg,824b1b662f1832547c821594f648c896d075424fe339fbcfe2aaa105aedeb98f,True,False,inspection-sheets/photos-03.jpg,2,broadly_consistent,broadly_consistent,historical_photo_review.v1,"A browned rectangular fish-fillet-like portion sits over red and green vegetables on a dark plate, with lemon.",Broad fish-dish form is consistent; species and seasoning cannot be verified from appearance.,,,Main portion and vegetables are sharp; dark plate gives clear contrast.,Preserve the central fillet and lemon; wide cropping trims upper plate and lower bread.,review_proposed_crop_against_full_frame,False,not assessed
52928,BeaverTails,photos/52928.jpg,a41c17879fc4aa9d61e87cd489e8ccab037743ee702a90b98661946c2bb2b405,True,False,inspection-sheets/photos-03.jpg,3,broadly_consistent,broadly_consistent,historical_photo_review.v1,"Several elongated fried-dough-like pieces have varied sweet toppings, including fruit slices and dark spreads.",Broad sweet fried-pastry form is consistent; specific dough and topping recipes are unverified.,,,Surface texture and toppings are clear across the overhead view.,Multiple pieces are already cut by frame edges; square/full view best preserves the assortment.,review_proposed_crop_against_full_frame,False,not assessed
53071,Beef Asado,photos/53071.jpg,a025ca9be5053e4a72abb4d095442267fae7382d0e790a5ce0f7aa1928d08634,True,False,inspection-sheets/photos-03.jpg,4,broadly_consistent,broadly_consistent,historical_photo_review.v1,A close view shows brown sauce-coated meat-like slices with yellow wedges and red vegetable strips.,Broad meat-stew form is consistent; species and Asado method are unverified.,,,"Glossy sauce is readable, though overall fine detail is soft.",Food already fills the frame; shallow crops remove much of the recognizable plate and pieces.,review_proposed_crop_against_full_frame,False,not assessed
53070,Beef Caldereta,photos/53070.jpg,8631f93ad1a9d5fcbd35d374f47bc77df54e4822ae98447aed205c8a2bb62318,True,False,inspection-sheets/photos-04.jpg,1,broadly_consistent,broadly_consistent,historical_photo_review.v1,"An overhead plate contains reddish stew with large brown pieces, yellow wedges and red/green vegetables.",Broad stew form is consistent; ingredient species and exact recipe are unverified.,,,Large pieces are distinct; some fine textures are slightly soft.,The centered plate nearly fills the frame; wide crops cut top and bottom stew areas.,review_proposed_crop_against_full_frame,False,not assessed
53053,Beef Rendang,photos/53053.jpg,67dbc5d323c3d3fcf5a8ae299b185ecc1b4cdd90709885fac2fe58d20e868862,True,True,inspection-sheets/photos-04.jpg,2,broadly_consistent,broadly_consistent,historical_photo_review.v1,Several dark brown meat-like chunks sit over white rice with a lime wedge and green garnish.,Broad Rendang-style plate is compatible; meat species and sauce composition are unverified.,,,Main subject is dim and fairly soft; dark coating obscures fine texture.,"Keep rice, dark pieces and lime together; wide crops remove lower rice and top rim.",review_proposed_crop_against_full_frame,False,not assessed
53307,Beetroot & red cabbage sauerkraut,photos/53307.jpg,cc00804f272a198dbbebadf68821909811ca0d849a3b089cffe737fa59ccaaea,True,False,inspection-sheets/photos-04.jpg,3,broadly_consistent,broadly_consistent,historical_photo_review.v1,Vivid magenta shredded vegetables fill a transparent upright glass bowl.,Broad shredded-vegetable form is consistent; fermentation and both named vegetables cannot be verified visually.,,,Front shreds and glass are clear; background is blurred.,Wide cropping cuts the bowl base and tall vegetable mound; retain full bowl when possible.,review_proposed_crop_against_full_frame,False,not assessed
53313,Beetroot latkes,photos/53313.jpg,2f8ea1fcf12524c359f6044794e93f54eeb6f5139e4aeaf1348689b2a11cd30d,True,False,inspection-sheets/photos-04.jpg,4,broadly_consistent,broadly_consistent,historical_photo_review.v1,A group of dark red rough-textured patties sits on a white plate with a white dollop.,Broad red vegetable-patty form is compatible; beetroot and recipe composition are unverified.,,,"Front patties are detailed, with shallower focus toward the back.",Several patties touch frame edges; wide crops cut front and rear patties.,review_proposed_crop_against_full_frame,False,not assessed
53316,Beetroot pancakes,photos/53316.jpg,1ce05a5e1b12a8d7f9ab933f30f7e5aedf65391e36886c64621f58a67cef01ac,True,False,inspection-sheets/photos-05.jpg,1,broadly_consistent,broadly_consistent,historical_photo_review.v1,"A tall stack of magenta pancakes carries dark berries, bright pink sauce and a white topping.",Pancake form and red color are consistent; beetroot content is unverified.,,,Stack and toppings are sharp and brightly lit.,Wide cropping loses the top berry or lower stack; keep the full vertical subject.,review_proposed_crop_against_full_frame,False,not assessed
53018,Bigos (Hunters Stew),photos/53018.jpg,3f986155d16e583d647ccfe6fa11645c90187c877d611657c6e4d4a3506f382e,True,False,inspection-sheets/photos-05.jpg,2,broadly_consistent,broadly_consistent,historical_photo_review.v1,A white bowl contains shredded orange-brown vegetables with browned sausage-like slices and a green leaf.,Broad cabbage-and-sausage stew appearance is compatible; exact ingredients are unverified.,,,Contents are well defined in an overhead view.,The bowl reaches the right edge; wide cropping also removes upper and lower bowl context.,review_proposed_crop_against_full_frame,False,not assessed
53080,Blini Pancakes,photos/53080.jpg,cbe33eb591e48b9b7f7b6bea5d04c3f67814dcd1ec6a37dfcd527925403c129e,True,False,inspection-sheets/photos-05.jpg,3,broadly_consistent,broadly_consistent,historical_photo_review.v1,"Thin golden pancakes are stacked on a plate, with jars and fruit partly visible around them.",Broad thin-pancake form is consistent; batter composition is unverified.,,,Front pancake surfaces and edges are clear; background props are softer.,Keep the front layered edge and top pancake; wide crops cut the stack base.,review_proposed_crop_against_full_frame,False,not assessed
53385,Boterkoek (Dutch Butter Cake),photos/53385.jpg,89d71ce6bfe7bf2ef6fce3af1d0d40a3b4361c47170f309be9dc1a1ebde1f90b,True,False,inspection-sheets/photos-05.jpg,4,broadly_consistent,broadly_consistent,historical_photo_review.v1,"A golden round shallow cake has a wedge removed and scored top, with a cut slice in front.",Broad butter-cake form is compatible; butter content and named regional recipe are unverified.,,,Crust and dense crumb are clearly visible.,The cake reaches both sides; preserve the front cut face when cropping.,review_proposed_crop_against_full_frame,False,not assessed
53036,Boxty Breakfast,photos/53036.jpg,4751b407a47e4ec458fddcc7c2434e66226fc020ee2ccffdbc9e778b25bb3faa,True,False,inspection-sheets/photos-06.jpg,1,broadly_consistent,broadly_consistent,historical_photo_review.v1,"Golden irregular patties share a blue plate with a fried egg, browned meat slices and tomatoes.",Breakfast plate and potato-patty-like form are compatible; actual patty composition is unverified.,,,Front patties are clearer than the slightly blurred egg and tomatoes.,Wide crops risk losing the egg above or patties below; show the whole breakfast plate where possible.,review_proposed_crop_against_full_frame,False,not assessed
53076,Bread omelette,photos/53076.jpg,e0f936df01d685d859ec0d5866b46c02fbaf3b9934edffc683e82e2f22ad0060,True,False,inspection-sheets/photos-06.jpg,2,broadly_consistent,broadly_consistent,historical_photo_review.v1,Four browned bread squares with yellow coating and green garnish are stacked on a white plate.,Broad bread-and-egg-like presentation is consistent; photo cannot supply the missing cooking method.,,,Main bread surfaces are readable with mild softness.,A moderate wide crop keeps the central stack; avoid cutting the lower bread edges.,review_proposed_crop_against_full_frame,False,not assessed
52965,Breakfast Potatoes,photos/52965.jpg,c1e44a9c4991de52710575dc18fe2a56e06b1ab4de901f77eb1e55a9c8f1ebb8,True,False,inspection-sheets/photos-06.jpg,3,broadly_consistent,broadly_consistent,historical_photo_review.v1,"A dark skillet contains golden potato-like chunks, browned pink pieces and chopped pale and green garnish.",Broad breakfast-potato form is consistent; added components are unverified.,,,"Foreground pieces are clear, with selective focus toward the rear.",Food is already clipped along the right and bottom; preserve the skillet curve and central pieces.,review_proposed_crop_against_full_frame,False,not assessed
52842,Broccoli & Stilton soup,photos/52842.jpg,4568ecdc120e35b08b549e707aa60c2d8b8f959c18027e9ace6ca0bbd3e88f61,True,False,inspection-sheets/photos-06.jpg,4,broadly_consistent,broadly_consistent,historical_photo_review.v1,A white handled bowl holds smooth green soup with pale crumbles and brown garnish in the center.,Broad green-soup form is compatible; broccoli and Stilton cannot be proved visually.,,,Soup and garnish are clear; highlights on the bowl are bright.,Wide cropping removes the bowl base/handles; keep the central soup surface and some vessel context.,review_proposed_crop_against_full_frame,False,not assessed
52940,Brown Stew Chicken,photos/52940.jpg,a6c1f6b53ad6672d511bc6674bdd9e6379bd0b0cb49be02a5b0d3c04a7b9a11b,True,False,inspection-sheets/photos-07.jpg,1,broadly_consistent,broadly_consistent,historical_photo_review.v1,"Dark brown glazed chicken-like pieces are piled on a plate, with a spoon lifting a portion at upper left.",Broad brown-stew form is consistent; species and cooking process are unverified.,,,Center piece is clearer; foreground/background blur and dark sauce reduce fine detail.,The lifted piece is important context near the top; a wide crop may cut it.,review_proposed_crop_against_full_frame,False,not assessed
53190,Bryndzové Halušky,photos/53190.jpg,eaa0c8fa602397808c378fc4f6dc75caa6f2c0b3b6a5558b5e50b7a3a52303c7,True,False,inspection-sheets/photos-07.jpg,2,broadly_consistent,broadly_consistent,historical_photo_review.v1,Small pale dumpling-like pieces in creamy coating are topped with browned cubes on a white plate.,Broad dumpling dish is compatible; cheese type and dough ingredients are unverified.,,,Overhead pieces and topping are clearly separated.,Wide crops cut the plate top/bottom; central dumplings remain legible.,review_proposed_crop_against_full_frame,False,not assessed
53060,Burek,photos/53060.jpg,d5d0b9b5e8490f6547b2e0edc1a66be2beb6eede8bee45954fc440ff3e0171d5,True,False,inspection-sheets/photos-07.jpg,3,broadly_consistent,broadly_consistent,historical_photo_review.v1,Flaky golden pastry wedges show a crumbly brown filling in exposed cut faces.,Broad filled-pastry form is consistent; filling ingredients are unverified.,,,Pastry layers and front filling are clear; background is blurred.,Keep the exposed cut faces; a high crop wastes space above and can remove the filling.,review_proposed_crop_against_full_frame,False,not assessed
53256,Cacik,photos/53256.jpg,d00daebb91f9b8703dfc1d4354ce717e9187c35061644f2ee70fa069311a5312,True,False,inspection-sheets/photos-07.jpg,4,broadly_consistent,broadly_consistent,historical_photo_review.v1,"A shallow bowl contains a pale creamy mixture with green pieces/herbs and yellow oil, with a spoon at right.",Broad yogurt-and-vegetable dip form is compatible; exact composition is unverified.,,,Mixture texture and garnish are clear.,The bowl already approaches the right edge; wide crops remove top/bottom rim.,review_proposed_crop_against_full_frame,False,not assessed
52819,Cajun spiced fish tacos,photos/52819.jpg,575e780f3706e60de1625848d673a71d27d9a3d303d3bb3fabf234ed23e06ed9,True,False,inspection-sheets/photos-08.jpg,1,broadly_consistent,broadly_consistent,historical_photo_review.v1,"Folded tortillas hold browned white fish-like strips, greens and sauce, arranged diagonally.",Broad fish-taco form is consistent; fish species and spice blend are unverified.,,,Front filling is clear with a softer upper area.,Food fills all edges; retain one complete central taco and its filling in tighter crops.,review_proposed_crop_against_full_frame,False,not assessed
53361,Callaloo and SaltFish,photos/53361.jpg,ed935b9b761d8108cf7489df924e777abdf6c637a5703222cc5a22e816d20cfb,True,False,inspection-sheets/photos-08.jpg,2,broadly_consistent,broadly_consistent,historical_photo_review.v1,"Cooked dark leafy greens and pale flakes fill a white bowl, with a yellow pepper-like piece in front.",Broad greens-and-flaked-fish appearance is compatible; plant/species and salting cannot be verified.,,,Leaf and flake textures are clear.,The food reaches the right edge; wide cropping removes the upper bowl and foreground greens.,review_proposed_crop_against_full_frame,False,not assessed
52939,Callaloo Jamaican Style,photos/52939.jpg,fd48bfb3ec5c67ad0105128038fb7f4eddbb853a19d8d7bdb0e52af1f24766c6,True,False,inspection-sheets/photos-08.jpg,3,broadly_consistent,broadly_consistent,historical_photo_review.v1,"An oval dish holds cooked chopped dark greens, pale onion-like pieces and a few orange/red pieces.",Broad cooked-greens form is compatible; callaloo variety and preparation are unverified.,,,Contents are visible with mild softness and muted contrast.,The elongated vertical dish is cut by a wide crop; retain its upper/lower contents.,review_proposed_crop_against_full_frame,False,not assessed
53330,Cassava pizza,photos/53330.jpg,527621661017b88a3bf5523923dd11839f5b79bbe5df715e98477c17e88375dd,True,False,inspection-sheets/photos-08.jpg,4,broadly_consistent,broadly_consistent,historical_photo_review.v1,"A small round pizza with melted pale topping, red slices and green leaves has one wedge pulled aside.",Pizza form is consistent; a cassava crust is not distinguishable from appearance.,,,Pizza and toppings are clear; background props are softly focused.,Keep the separated slice and round crust; a tight crop may lose the pizza outline.,review_proposed_crop_against_full_frame,False,not assessed
53055,Cevapi Sausages,photos/53055.jpg,2162814126cf0646dc5cb8bc735e689477654697dbe17d722ab19ac675242c18,True,False,inspection-sheets/photos-09.jpg,1,broadly_consistent,broadly_consistent,historical_photo_review.v1,Many browned short finger-shaped meat-like pieces sit on a white plate with flatbread and onion rings nearby.,Broad small-sausage form is consistent; meat blend is unverified.,,,Pieces and browned surfaces are clear.,Center crop retains the main plate; wide crops remove bread above and onions below.,review_proposed_crop_against_full_frame,False,not assessed
52969,Chakchouka,photos/52969.jpg,9a8166ca7dd5baa625d3431957d0e03d1998f8c908b08d3d6acb669c4089ce65,True,False,inspection-sheets/photos-09.jpg,2,broadly_consistent,broadly_consistent,historical_photo_review.v1,A dark pan holds red-orange sauce with four bright egg yolks and scattered green herbs.,Broad egg-and-tomato-sauce form is consistent; exact recipe composition is unverified.,,,"Eggs and sauce are clear, with slight softness toward the top.",Wide crops can cut upper/lower eggs; preserve the recognizable eggs-in-sauce composition.,review_proposed_crop_against_full_frame,False,not assessed
52934,Chicken Basquaise,photos/52934.jpg,d23465d07b279efd2ca4c13ae834e6c633e853948e9b434575ce3d44234ebae8,True,False,inspection-sheets/photos-09.jpg,3,broadly_consistent,broadly_consistent,historical_photo_review.v1,"A shallow pan contains browned chicken-like portions over rice-like grains, sausage-like rounds and yellow wedges.",Broad chicken casserole form is compatible; regional recipe and individual ingredients are unverified.,,,Food is readable but slightly soft compared with sharper catalogue photos.,The pan fills lower frame; wide cropping can trim the lower handle and upper chicken pieces.,review_proposed_crop_against_full_frame,False,not assessed
52850,Chicken Couscous,photos/52850.jpg,eac7c0817896235c8536d70da900187fcc39a54b2c39a084ae8cd2845e63a288,True,False,inspection-sheets/photos-09.jpg,4,broadly_consistent,broadly_consistent,historical_photo_review.v1,"A browned chicken-like portion sits among pale round grains and greens in a white bowl, with a fork at right.",Broad chicken-and-couscous-like form is consistent; specific grain or seasoning is unverified.,,,Main portion and grain shapes are clear.,Wide cropping removes top/bottom bowl and fork context; keep main portion with surrounding grains.,review_proposed_crop_against_full_frame,False,not assessed
52765,Chicken Enchilada Casserole,photos/52765.jpg,b121e8eb4d455fcd6e82ff8a030949f4dab3dc05948a25bad3b7e44f8b6332ec,True,False,inspection-sheets/photos-10.jpg,1,broadly_consistent,broadly_consistent,historical_photo_review.v1,A spatula lifts a red-sauced layered portion with browned melted topping from a red casserole dish.,Broad layered enchilada-casserole form is compatible; chicken filling is not conclusively visible.,,,Lifted layers and topping are clear.,The lifted portion is near the top/right; wide crops may cut it and lose the explanatory serving action.,review_proposed_crop_against_full_frame,False,not assessed
52831,Chicken Karaage,photos/52831.jpg,8b21c4d13e895e46689be116691407104afdcff1f2ff9b26e35c5f26e9dc46ec,True,True,inspection-sheets/photos-10.jpg,2,broadly_consistent,broadly_consistent,historical_photo_review.v1,"Brown fried bite-size pieces with pale drizzled sauce rest on lettuce on a wooden board, with a lemon wedge.",Broad fried-chicken form is compatible; species and cooking method are unverified.,,Printed placemat/product advertising is visible below the wooden board; no overlaid photo credit was observed.,Front pieces are readable; the rear is softer. Printed placemat text is visible below the board.,Keep the food mound and lemon; do not confuse existing background print with recipe attribution.,review_proposed_crop_against_full_frame,False,not assessed
53011,Chicken Quinoa Greek Salad,photos/53011.jpg,aa13330e2af55abf9d82607d3b417b4265dbf368c1f53e40d80dd3b0d2bf06d6,True,True,inspection-sheets/photos-10.jpg,3,broadly_consistent,broadly_consistent,historical_photo_review.v1,"Pale grilled chicken-like chunks sit over leafy greens, red pieces and small grains on a white plate.",Broad chicken-and-grain salad form is compatible; quinoa and other ingredients cannot be conclusively identified.,,,Image is visibly soft and low in fine contrast.,Food fills the frame vertically; wide cropping cuts foreground greens and upper pieces.,review_proposed_crop_against_full_frame,False,not assessed
53265,Chilli ginger lamb chops,photos/53265.jpg,83603d2c756bc0a6d63361bcd2ced7cf0394eb0f14e9e95f78ad159bdd6e75df,True,False,inspection-sheets/photos-10.jpg,4,broadly_consistent,broadly_consistent,historical_photo_review.v1,Brown crumb-coated bone-in chops are piled on a lined tray with lemon and a small dip bowl.,Broad chop form is consistent; species and chilli/ginger seasoning are unverified.,,,Crumb texture and projecting bones are clear.,Long bones extend upward and sideways; wide crops can remove the recognizable chop silhouette.,review_proposed_crop_against_full_frame,False,not assessed
52839,Chilli prawn linguine,photos/52839.jpg,eec034aac3fd1ce99f93c5605c18039115461b449c09db7beac81a8100b89701,True,False,inspection-sheets/photos-11.jpg,1,broadly_consistent,broadly_consistent,historical_photo_review.v1,Long pale ribbon pasta is mixed with pink-orange shellfish-like pieces and chopped green garnish in a white bowl.,Broad prawn-pasta form is consistent; chilli and exact pasta dimensions are unverified.,,,Pasta and foreground shellfish shapes are clear.,Keep both the pasta and several shellfish shapes; wide crops trim bowl edges.,review_proposed_crop_against_full_frame,False,not assessed
53320,Chocolate alfajores,photos/53320.jpg,c0cc1a99990f59a78f27eb824850baaa0b47a9eb0f14fe35edbc6e1b67e6e20c,True,False,inspection-sheets/photos-11.jpg,2,broadly_consistent,broadly_consistent,historical_photo_review.v1,Dark round sandwich biscuits with brown filling are piled in a pale dish beside a filling jar.,Broad dark filled-biscuit form is consistent; chocolate and filling composition are unverified.,,,"Biscuit edges and filling are clear, with a softly blurred rear jar.",The highest stacked biscuit sits near the top; wide cropping may cut the stack and foreground biscuits.,review_proposed_crop_against_full_frame,False,not assessed
53289,"Chorba Hamra bel Frik (Algerian Lamb, Tomato, and Freekeh Soup)",photos/53289.jpg,dcb3eb639ef583c4e0535b515e4085a8a32e17b40b1bfa15f48b6f678fbee167,True,True,inspection-sheets/photos-11.jpg,3,broadly_consistent,broadly_consistent,historical_photo_review.v1,"An orange-brown soup with green garnish fills a dark round bowl, with a spoon entering from the right.","Only broad soup form is supported; lamb, tomato and freekeh cannot be verified visually.",,,Strong pixelation and soft blocks obscure fine contents even in the original image.,The bowl nearly fills the image; wide cropping further reduces useful context. Avoid oversized display.,review_proposed_crop_against_full_frame,False,not assessed
53136,Choripán,photos/53136.jpg,acf08bf7e913f0e5a273d2b3f3a660c98087c204cac523bb8c1a437f833d1eb7,True,False,inspection-sheets/photos-11.jpg,4,broadly_consistent,broadly_consistent,historical_photo_review.v1,Several long bread rolls contain browned sausage-like filling and chopped green topping.,Broad sausage-sandwich form is consistent; sausage and sauce ingredients are unverified.,,,Central roll and filling are clear; frame cuts neighboring rolls.,Retain the whole central roll when possible; shallow crops cut its ends or top edge.,review_proposed_crop_against_full_frame,False,not assessed
52840,Clam chowder,photos/52840.jpg,c66eade38fdf4a568094345d6de695bf35f547c5ffe0fedf28aa32dabe0b0c39,True,False,inspection-sheets/photos-12.jpg,1,broadly_consistent,broadly_consistent,historical_photo_review.v1,"A large white bowl contains pale creamy soup with small chunks and green flecks, beside a basket of crackers.",Broad chowder form is compatible; clam content cannot be identified conclusively.,,,Soup surface and bowl are clear; rear crackers are softer.,Wide crops cut the bowl base and rim; keep the soup surface and vessel recognizable.,review_proposed_crop_against_full_frame,False,not assessed
52998,Corned Beef and Cabbage,photos/52998.jpg,bc9d7188a0615aa30e9d9414822881fc88aaad76e826829416b6e6ba2f2207c8,True,False,inspection-sheets/photos-12.jpg,2,broadly_consistent,broadly_consistent,historical_photo_review.v1,"Pink sliced meat, a pale green cabbage wedge, yellow chunks and orange pieces share a plate.",Broad corned-meat-and-cabbage form is consistent; curing and species are unverified.,,,Front slices and cabbage layers are clear.,Keep the meat and cabbage together; wide crops can trim the cabbage tip and foreground meat.,review_proposed_crop_against_full_frame,False,not assessed
52779,Cream Cheese Tart,photos/52779.jpg,6b74e26c8326ee82d27a5d0b8b2ac36cf5a7ef705f59902bc39bebc816dd21eb,True,False,inspection-sheets/photos-12.jpg,3,broadly_consistent,broadly_consistent,historical_photo_review.v1,A round pastry tart is covered with multicolored small tomato-like slices and large green leaves.,Tart form is consistent; a cream-cheese layer is obscured by toppings and cannot be confirmed.,,,Overhead tart and crust are clearly defined.,Wide crops cut the circular crust; full square preserves the whole tart.,review_proposed_crop_against_full_frame,False,not assessed
52841,Creamy Tomato Soup,photos/52841.jpg,096f4f5f3b25fa4de2da8d80c5c02e3ec2bc69be7f36212aa2180761a96a653e,True,False,inspection-sheets/photos-12.jpg,4,broadly_consistent,broadly_consistent,historical_photo_review.v1,"Smooth orange soup fills a white bowl, with shredded pale topping and green leaves in the center.",Broad creamy orange-soup form is compatible; tomato content is unverified.,,,Soup surface is clear; background crackers are out of focus.,The bowl is already clipped at right; wide crops remove its base and top rim.,review_proposed_crop_against_full_frame,False,not assessed
53072,Crispy Eggplant,photos/53072.jpg,f5946a98b360b045aad6d5ab3612c66b93ef88f177919755f8de9d2a42dbfff5,True,False,inspection-sheets/photos-13.jpg,1,broadly_consistent,broadly_consistent,historical_photo_review.v1,"Large golden crumb-coated pieces retain green stems, beside a small red dipping-sauce bowl.",Broad crumbed-eggplant form is compatible; cooking texture cannot be proved from appearance.,,,Crumb texture is readable though slightly soft.,The pieces reach top and bottom edges; wide crops may remove the stem and distinctive cut form.,review_proposed_crop_against_full_frame,False,not assessed
53092,Fasoliyyeh Bi Z-Zayt (Syrian Green Beans with Olive Oil),photos/53092.jpg,f1aa996c770d1e108eee5a1129cface19ba330a056ad18e1bfc237f8f49e24ba,True,True,inspection-sheets/photos-13.jpg,2,broadly_consistent,broadly_consistent,historical_photo_review.v1,Glossy cooked green bean-like lengths and pale translucent pieces fill a white bowl.,Broad cooked-green-bean form is consistent; olive oil and preparation are unverified.,,,Dark exposure and soft detail flatten the bean surfaces.,Food already fills most of the image; wide crops remove bowl context without adding detail.,review_proposed_crop_against_full_frame,False,not assessed
53188,Fašírky,photos/53188.jpg,4b341f99d6b502226a6a3ff7cd7183effc147078d0924ef2cec63bcca88d3478,True,False,inspection-sheets/photos-13.jpg,3,broadly_consistent,broadly_consistent,historical_photo_review.v1,Two browned round patties sit beside pale mash and red/white garnish on a white plate.,Broad patty form is compatible; meat mixture and named recipe cannot be established visually.,,,Front patty crusts are clear with selective focus behind them.,Keep both patties and the side dish; wide crops can trim the lower patty and upper mash.,review_proposed_crop_against_full_frame,False,not assessed
53030,Feteer Meshaltet,photos/53030.jpg,3b7d72db7b74e0b8a66af51397af13be1238dcb84f259d3727a278fbb284b20e,True,True,inspection-sheets/photos-13.jpg,4,broadly_consistent,broadly_consistent,historical_photo_review.v1,A thick rectangular golden pastry shows many pale flaky layers along a cut side on a white plate.,Broad layered flat-pastry form is consistent; dough composition and method are unverified.,,Partial printed lettering appears on a background mat/menu at right; no overlaid photo credit was observed.,"Front layers are readable, with dim bluish lighting and a softer rear area; background print is visible.",Preserve the exposed layered side; a high or shallow crop can hide it.,review_proposed_crop_against_full_frame,False,not assessed
53064,Fettuccine Alfredo,photos/53064.jpg,30d735aeb5ac6d4f2d94274970589b639b769d024ff6fe770ffb73623d95df51,True,False,inspection-sheets/photos-14.jpg,1,broadly_consistent,broadly_consistent,historical_photo_review.v1,An overhead white plate is heaped with pale ribbon pasta in creamy sauce and fine green garnish.,Broad Alfredo-pasta form is consistent; this remains distinct from recipe 52835 despite similar titles.,,,"Central noodles are clear, with slight edge softness.",Wide crops cut the plate and outer noodles; retain the central ribbon shapes.,review_proposed_crop_against_full_frame,False,not assessed
52835,Fettucine alfredo,photos/52835.jpg,9479019f4c5e13ad5046b0d620c5b39dd7bf1ce6b3c189d3bea86918b7799a2a,True,False,inspection-sheets/photos-14.jpg,2,broadly_consistent,broadly_consistent,historical_photo_review.v1,A side-lit mound of pale ribbon pasta with fine shredded topping sits on a shallow plate above dark textured fabric.,"Broad Alfredo-pasta form is consistent; cream type cannot be identified, and ID must remain distinct from 53064.",,,Front/middle pasta is clear; background is softly blurred.,A center-wide crop keeps pasta but can cut its top; avoid centering on the dark fabric below.,review_proposed_crop_against_full_frame,False,not assessed
53043,Fish fofos,photos/53043.jpg,7029981220597b926dd0fc7459d66283d0cb3bc3694e7c1f9afde3b547186aa2,True,False,inspection-sheets/photos-14.jpg,3,broadly_consistent,broadly_consistent,historical_photo_review.v1,"Golden oval crumb-coated croquettes fill a tray, with one opened to show pale and green filling.",Broad croquette form is consistent; fish content cannot be conclusively identified.,,,Crumbs and open filling are clear.,The open croquette at upper left provides context; wide crops can remove it.,review_proposed_crop_against_full_frame,False,not assessed
53079,Fish Soup (Ukha),photos/53079.jpg,21e0cfd025cb66eb55d46bb15c34b82bc4bc9b57ae8eba7b6d4c2b2bea26567d,True,False,inspection-sheets/photos-14.jpg,4,broadly_consistent,broadly_consistent,historical_photo_review.v1,"Orange broth in a white bowl contains pink fish-like flakes, pale chunks and orange pieces, with a spoon at right.",Broad fish-soup form is consistent; species and recipe composition are unverified.,,,Soup components are clearly separated in the overhead view.,The bowl nearly fills the frame; wide crops cut upper/lower contents.,review_proposed_crop_against_full_frame,False,not assessed
53122,Fiskesuppe (Creamy Norwegian Fish Soup),photos/53122.jpg,ce8602d1b86e850e78f9520f363e071e4ac5b83f5c4b3c740cd41fd6541073fc,True,False,inspection-sheets/photos-15.jpg,1,broadly_consistent,broadly_consistent,historical_photo_review.v1,"A shallow bowl holds creamy soup with pink and pale pieces, green herbs, a spoon and a bread piece.",Broad creamy fish-soup form is consistent; species and regional recipe are unverified.,,,Soup and visible pieces are readable with modest softness.,Keep the spoonful and bowl center; wide crops remove some rim and bread context.,review_proposed_crop_against_full_frame,False,not assessed
52815,French Lentils With Garlic and Thyme,photos/52815.jpg,05e595f6897301548078188cfa0f3278b5512fe3acfd972e178f0b147a2996b1,True,False,inspection-sheets/photos-15.jpg,2,broadly_consistent,broadly_consistent,historical_photo_review.v1,An overhead white bowl contains many small dark lentil-like grains with tiny orange and pale pieces.,Broad lentil-dish form is consistent; garlic and thyme cannot be confirmed visually.,,,Small contents are discernible but not especially crisp.,Wide crops cut the top/bottom of the round bowl; central lentil mass remains visible.,review_proposed_crop_against_full_frame,False,not assessed
52957,Fruit and Cream Cheese Breakfast Pastries,photos/52957.jpg,0997a03819b754ed402b0ebf8f8652bb8fbb758a2bdbca90564a571650208777,True,False,inspection-sheets/photos-15.jpg,3,broadly_consistent,broadly_consistent,historical_photo_review.v1,"Golden square pastries with pale centers and red/dark berry-like toppings lie on a lined tray, with a hand at bottom.",Broad fruit-pastry form is consistent; cream-cheese filling and all fruit types are unverified.,,,Pastry layers and fruit shapes are readable with mild softness.,Wide crops trim pastries at top/bottom and the hand; preserve the assortment without implying a serving count.,review_proposed_crop_against_full_frame,False,not assessed
53025,Ful Medames,photos/53025.jpg,64e5c3da8e15e7eb6e7d02f404ee15ff3e60bdeea12e33f8472d573b1dfd15b1,True,True,inspection-sheets/photos-15.jpg,4,broadly_consistent,broadly_consistent,historical_photo_review.v1,"A tray outdoors holds flatbread, a small bowl of brown beans, a salad bowl and leafy greens.",Broad beans-with-accompaniments form is compatible; bean variety and exact preparation are unverified.,,Small printed text lies on paper underneath the food on the tray; no overlaid photo credit was observed.,"Main food is readable, with a relatively low-detail background and printed paper under the tray contents.",The actual bean bowl is small and near the upper center; ensure a crop does not emphasize bread or salad alone.,review_proposed_crop_against_full_frame,False,not assessed
52896,Full English Breakfast,photos/52896.jpg,9e10c02f24e124db9f182760c33b538753cf640c5ab3a32b49d348cde44d9db5,True,True,inspection-sheets/photos-16.jpg,1,broadly_consistent,broadly_consistent,historical_photo_review.v1,"A crowded breakfast plate holds eggs, sausage-like pieces, browned meat, beans, tomatoes and mushrooms, with branded bottles behind.",Broad full-breakfast form is consistent; labels on condiments do not establish recipe ingredients or endorsement.,,"Branded condiment/drink labels, including HP and Colman's, are physically present behind the plate; these are scene content, not a photo-credit finding.",Food is readable but somewhat coarse; multiple product labels are visible in the scene.,The plate and many components span the image; wide crops cut food below and bottles above.,review_proposed_crop_against_full_frame,False,not assessed
53123,Fårikål (Norwegian National Dish),photos/53123.jpg,ced8a8a11ee8f3ecc5a79a0258c2d684161b7ea9e68af32acbe24cf1bda4ed71,True,False,inspection-sheets/photos-16.jpg,2,broadly_consistent,broadly_consistent,historical_photo_review.v1,"A plate holds pale cooked meat with bones, yellow potato-like pieces and a cabbage wedge in light sauce.",Broad meat-and-cabbage plate is compatible; lamb and regional preparation cannot be verified visually.,,,"Food shapes are visible with soft, flat lighting.",Keep meat and cabbage together; wide crops trim the tall cabbage and lower sauce area.,review_proposed_crop_against_full_frame,False,not assessed
52827,Massaman Beef curry,photos/52827.jpg,23268a22e5c0a286b99d272e7f088de6d7c38b4ee1d6ed23b62001567d92748c,True,False,inspection-sheets/photos-16.jpg,3,broadly_consistent,broadly_consistent,historical_photo_review.v1,Orange curry with pale chunks and green garnish sits over white rice in a brown bowl.,Broad curry form is compatible; pale cooked pieces do not establish beef identity or Massaman seasoning.,,,"Curry and rice are clear, with a softly focused upper background.",The bowl is clipped at left; preserve both curry and some rice in a crop.,review_proposed_crop_against_full_frame,False,not assessed
52968,Mbuzi Choma (Roasted Goat),photos/52968.jpg,cfd9567062c5a1e47e741c64fd888c99f70fa778a92d25ec3e8cf46f53fb3ccc,True,True,inspection-sheets/photos-16.jpg,4,broadly_consistent,broadly_consistent,historical_photo_review.v1,A very close view shows browned roasted meat surfaces with charred lines and a visible cut section.,Broad roasted-meat form is consistent; goat species is not visually established.,,,"Meat texture is clear, with selective focus; the original is 698 by 698 pixels.",The original is already tightly cropped; further cropping loses context and cannot identify the whole cut.,review_proposed_crop_against_full_frame,False,not assessed
52880,McSinghs Scotch pie,photos/52880.jpg,b37bac5c3158cfaae3e3070b0c343b3890d1cd6b953b7714e4ffd52f9b91220e,True,False,inspection-sheets/photos-17.jpg,1,broadly_consistent,broadly_consistent,historical_photo_review.v1,A cut pastry pie exposes a thick crumbly brown filling with small red and green pieces beneath a golden lid.,Broad meat-pie form is compatible; specific filling and named variant are unverified.,,,Front filling is clear; rear pastry and background blur softly.,Keep the exposed filling and lid together; wide cropping can remove the crust edge.,review_proposed_crop_against_full_frame,False,not assessed
53048,Mee goreng mamak,photos/53048.jpg,e6eed18df61837d2f001d2f49242462e15f734a0f59d73a4bee96bc208cce111,True,False,inspection-sheets/photos-17.jpg,2,broadly_consistent,broadly_consistent,historical_photo_review.v1,Brown sauce-coated noodles with sprouts and red/green slices are piled on a leaf-lined plate with a lime half.,Broad fried-noodle form is consistent; sauce and exact ingredients are unverified.,,,Noodles and garnish are readable with mild softness.,Keep noodle strands and lime visible; wide crops can cut both upper garnish and lower lime.,review_proposed_crop_against_full_frame,False,not assessed
53047,Moroccan Carrot Soup,photos/53047.jpg,05d23be9f316e0ed3389391df0aa588bb16d8a473e255a6cf29e381872549ac1,True,False,inspection-sheets/photos-17.jpg,3,broadly_consistent,broadly_consistent,historical_photo_review.v1,A round white bowl holds smooth bright orange soup with a pale dollop and green herb garnish.,Broad carrot-colored soup form is compatible; carrot and Moroccan seasoning cannot be proved visually.,,,Soup and vessel are clearly visible; rear items are softer.,Wide cropping loses the bowl base and top rim; retain the central garnish and soup surface.,review_proposed_crop_against_full_frame,False,not assessed
53006,Moussaka,photos/53006.jpg,cbafb47782e6a595e244cd083df38c6dd737d0d81a77c855c05bb695303052d7,True,True,inspection-sheets/photos-17.jpg,4,broadly_consistent,broadly_consistent,historical_photo_review.v1,A browned pale-topped casserole in a dark pan has an opened section showing dark vegetable slices and crumbly filling.,Broad layered casserole form is consistent; exact moussaka ingredients are unverified.,,,"Image is visibly grainy and soft, limiting fine filling detail.",The opened lower section is the most explanatory part; do not crop it away.,review_proposed_crop_against_full_frame,False,not assessed
53038,Mustard champ,photos/53038.jpg,57d5b1cd0a045c2c6f3caf273ca1d279aaebb0fa7fb569f1edca2dd6da3bb319,True,False,inspection-sheets/photos-18.jpg,1,broadly_consistent,broadly_consistent,historical_photo_review.v1,"Chunky pale mash with skin-on potato-like pieces, tiny seeds and green flecks fills a white bowl.",Broad mash form is consistent; mustard type and composition are unverified.,,,Front mixture is readable; the rear is softly focused.,Keep the front textured mixture and some bowl rim; wide crops remove the vessel base.,review_proposed_crop_against_full_frame,False,not assessed
53223,Mutabbaq,photos/53223.jpg,56aee44cc10f7ec7730688f95fb191692701d6b12a224bc594b03d8e63c8e255,True,False,inspection-sheets/photos-18.jpg,2,broadly_consistent,broadly_consistent,historical_photo_review.v1,"Browned stuffed flatbread pieces are stacked on a white plate, with exposed pale and green filling and a small sauce bowl behind.",Broad stuffed-flatbread form is consistent; filling ingredients are unverified.,,,Front cut faces are clear; background is softly blurred.,Keep the upright cut faces; wide cropping can remove the top of the stack or lower point.,review_proposed_crop_against_full_frame,False,not assessed
53150,Padron peppers,photos/53150.jpg,77c1b0ee2e58bd96d1334e3cbd9e6706143950920febe8c8f008bc1c2ad7622d,True,False,inspection-sheets/photos-18.jpg,3,broadly_consistent,broadly_consistent,historical_photo_review.v1,Blistered green peppers with browned patches fill an orange-brown bowl.,Broad cooked-pepper form is consistent; cultivar and added salt are not established by appearance.,,,Front pepper skins are clear; rear peppers and a glass are softer.,"A moderate wide crop retains central peppers, but trims the bowl base and tall stems.",review_proposed_crop_against_full_frame,False,not assessed
53333,Passion fruit mousse,photos/53333.jpg,8c1885dab8b5cedba018ed50bb2f4349bc159c40f65214b3b6101416902baf7d,True,False,inspection-sheets/photos-18.jpg,4,broadly_consistent,broadly_consistent,historical_photo_review.v1,"Three glass cups hold pale yellow dessert topped with orange seeded pulp, beside a cut purple-skinned fruit.",Broad passion-fruit-dessert form is consistent; mousse texture and composition are unverified.,,,Foreground topping is clear; rear cups are mildly softer.,The front cup runs beyond the bottom edge; wide cropping further hides its mousse layer.,review_proposed_crop_against_full_frame,False,not assessed
52837,Pilchard puttanesca,photos/52837.jpg,90e12db5cee36c37bd92356c6de9adeb87f5e35702a607fd55d246874e37e79f,True,False,inspection-sheets/photos-19.jpg,1,broadly_consistent,broadly_consistent,historical_photo_review.v1,"Long pasta with dark olives, fish-like pieces, green leaves and reddish sauce sits on a blue patterned plate.",Broad fish-and-pasta form is compatible; pilchard species and sauce composition are unverified.,,,Food is readable with moderate softness.,Keep both pasta and visible topping; a wide crop may remove the upper fish-like pieces and lower noodles.,review_proposed_crop_against_full_frame,False,not assessed
53039,Piri-piri chicken and slaw,photos/53039.jpg,b16d202ab5e8da4737be319c1760f87591a27ac234f69dc23140de941b68466f,True,False,inspection-sheets/photos-19.jpg,2,broadly_consistent,broadly_consistent,historical_photo_review.v1,"Browned flattened chicken-like portions share a tray with orange wedges, shredded slaw, lime and a sauce jar.",Broad chicken-and-slaw form is consistent; chilli level and exact sauce are unverified.,,,Main food is sharp with strong color contrast.,The crowded tray reaches all edges; wide crops remove sauce/lime above and chicken/slaw below.,review_proposed_crop_against_full_frame,False,not assessed
53044,Portuguese barbecued pork (Febras assadas),photos/53044.jpg,cd1d77f0d913784e29cce653e4a67ff0bf87b187177ab0dba865cf5777835144,True,False,inspection-sheets/photos-19.jpg,3,broadly_consistent,broadly_consistent,historical_photo_review.v1,Several thin grilled meat-like slices with dark grill lines lie on a white plate beside lemon and leafy greens.,Broad grilled-meat form is consistent; pork species and regional preparation are unverified.,,,Grill lines and sliced edges are clear.,Main meat is low in the image; center-wide cropping can trim lower portions while preserving excess white space above.,review_proposed_crop_against_full_frame,False,not assessed
52804,Poutine,photos/52804.jpg,5bfd604018ffdef7aed8e2ad8bf82506cefe7ce04eb61268b7e4da76e026a80e,True,False,inspection-sheets/photos-19.jpg,4,broadly_consistent,broadly_consistent,historical_photo_review.v1,Golden fries are coated in brown gravy and scattered pale curd-like pieces on a metal plate.,Broad poutine form is consistent; cheese and gravy ingredients are unverified.,,,Foreground fries and curds are clear; the rear is deliberately blurred.,"Keep gravy, fries and pale curds together; tight crops can show only blurred background fries.",review_proposed_crop_against_full_frame,False,not assessed
53230,Purple sprouting broccoli tempura with nuoc cham,photos/53230.jpg,be2eb8146a4e41b38e640e572b6c7c4ea18a8565d18bf195b4eb1c41b9494d1c,True,True,inspection-sheets/photos-20.jpg,1,uncertain_photo_text_match,uncertain_photo_text_match,historical_photo_review.v1,"Green broccoli stalks and florets on a white oval platter carry many thin tan slices, with a serving hand at right.",Possible mismatch: no obvious batter is visible while title and method describe tempura; visual evidence cannot establish the actual preparation.,,,Visible stalks are readable but overall detail is somewhat soft.,Preserve the whole broccoli presentation for transparency; do not crop to hide the photo/text uncertainty.,preserve_full_frame_with_notice,False,not assessed
52962,Salmon Eggs Eggs Benedict,photos/52962.jpg,a8ac066697ba4e0fb44cad61b8d8d8ec98008ef5bc8b668e314a68691cdcd851,True,False,inspection-sheets/photos-20.jpg,2,broadly_consistent,broadly_consistent,historical_photo_review.v1,"A tall open sandwich stacks pink-orange fish-like slices, onion rings, a poached egg and yellow sauce on a bread base.",Broad salmon-and-egg Benedict form is consistent; exact fish identity and preparation are unverified.,,,Front egg and fish-like layers are clear; background bread is softer.,The tall subject is already clipped at top/right; wide cropping cuts key egg and base layers.,review_proposed_crop_against_full_frame,False,not assessed
53215,Shakshouka,photos/53215.jpg,bd99ad6700d29fa29d48028b6013debd96087d74c12ed2bb8c1dd8088c43bee8,True,False,inspection-sheets/photos-20.jpg,3,broadly_consistent,broadly_consistent,historical_photo_review.v1,An overhead dark skillet contains eggs in red-orange sauce with chopped green garnish.,Broad eggs-in-sauce form is consistent; preserve this ID separately from Chakchouka and Shakshuka Feta Cheese.,,,Eggs and sauce are clear throughout the central pan.,Wide crops cut upper/lower eggs and the handle; full frame better preserves the round composition.,review_proposed_crop_against_full_frame,False,not assessed
53219,Shakshuka Feta Cheese,photos/53219.jpg,6dbd1aea6c716fb7f76772e600d0eb5cc65709cd5faca74a510b08bbe3c1a719,True,False,inspection-sheets/photos-20.jpg,4,broadly_consistent,broadly_consistent,historical_photo_review.v1,A dark pan contains eggs in vivid red sauce with pale crumbles and green garnish.,Broad eggs-in-sauce-with-crumbles form is consistent; cheese identity is unverified and similar recipe IDs stay distinct.,,,"Main contents are clear, with strongly saturated reds.",Pan and contents reach several frame edges; wide cropping removes further eggs and garnish.,review_proposed_crop_against_full_frame,False,not assessed
52953,Shrimp Chow Fun,photos/52953.jpg,dfd4a6d546f927b87bdcfc9096bf3e6e6248a448af9837419268f9b8fe2a3233,True,False,inspection-sheets/photos-21.jpg,1,broadly_consistent,broadly_consistent,historical_photo_review.v1,"Wide glossy noodles, sprouts, mushroom-like slices and a prominent curled orange shellfish-like piece fill a patterned bowl.",Broad shrimp-and-wide-noodle form is consistent; exact sauce and species are unverified.,,,Central shellfish and noodle shapes are clear.,The bowl is tightly framed; retain the central shellfish and broad noodles in any crop.,review_proposed_crop_against_full_frame,False,not assessed
53260,"Slow-roast lamb with cinnamon, fennel & citrus",photos/53260.jpg,be1a14270916673235717dd7f994a581ccbe075b647f3c55a3c1900a3719b876,True,True,inspection-sheets/photos-21.jpg,2,broadly_consistent,broadly_consistent,historical_photo_review.v1,A large browned roast-like cut is covered with herbs and pale wedges in a dark roasting dish.,"Only broad roast-meat form is supported; lamb, cinnamon, fennel and citrus cannot be established visually.",,,Strong visible pixelation and blocky edges obscure fine texture in the original.,The original is already close; additional cropping magnifies quality limitations. Avoid oversized display.,review_proposed_crop_against_full_frame,False,not assessed
52964,Smoked Haddock Kedgeree,photos/52964.jpg,7418caf20dbc48bba3b0a56736f8b1ff11ace35f9728b9ac0745c9c8c7417ed9,True,False,inspection-sheets/photos-21.jpg,3,broadly_consistent,broadly_consistent,historical_photo_review.v1,"A pan of yellow rice has pale fish-like flakes, quartered eggs and abundant green garnish.",Broad kedgeree form is consistent; haddock species and smoking are unverified.,,,Main components are discernible but somewhat coarse and warmly lit.,Keep eggs and rice together; wide cropping can trim eggs near the top and lower rice.,review_proposed_crop_against_full_frame,False,not assessed
52982,Spaghetti alla Carbonara,photos/52982.jpg,0909c4a2d0da54fcffeca2adac4093d23e303ab6960ff95e5ec020f42dc103fd,True,True,inspection-sheets/photos-21.jpg,4,broadly_consistent,broadly_consistent,historical_photo_review.v1,"Long pale pasta is coated with sauce and topped with small pink-brown cubes, grated white topping and black flecks.","Broad carbonara-pasta form is consistent; exact meat, cheese and sauce composition are unverified.",,,Pasta and toppings are clear; original image is 800 by 800 pixels.,A moderate wide crop retains the pasta mound; avoid cutting the lower plate too tightly.,review_proposed_crop_against_full_frame,False,not assessed
53175,Spanish-style slow-cooked lamb shoulder & beans,photos/53175.jpg,9a313ed14dd8143d1ef226fa731eafa2f6ed72e1fc9d4b20b63aa897a1ef0e30,True,False,inspection-sheets/photos-22.jpg,1,broadly_consistent,broadly_consistent,historical_photo_review.v1,"A red casserole pot contains brown meat-like chunks, pale beans and red pieces in sauce, with a spoon entering from right.",Broad meat-and-bean stew form is consistent; lamb cut and Spanish preparation are unverified.,,,Front food is clear; back of pot is strongly blurred.,Keep the front meat and beans; wide cropping can emphasize blurred background or cut the lower pot.,review_proposed_crop_against_full_frame,False,not assessed
53105,Spiced smoky barbecued chicken,photos/53105.jpg,aa4f610293aa0da427d45682f10175ddf3d010294519369691c72f9a74ee2c8a,True,False,inspection-sheets/photos-22.jpg,2,broadly_consistent,broadly_consistent,historical_photo_review.v1,Orange-brown grilled chicken-like pieces with dark parallel char marks are piled on a wooden serving board.,Broad grilled-chicken form is consistent; smoky flavor and spice mixture are unverified.,,,Front grill-mark texture is readable with moderate softness.,The pieces fill the frame; wide cropping trims the upper/rear and foreground pieces.,review_proposed_crop_against_full_frame,False,not assessed
52797,Spicy North African Potato Salad,photos/52797.jpg,60787b0750fd7594c0f88f6a2cd87cc80184e6939a55b33c108b90a2bf63e113,True,False,inspection-sheets/photos-22.jpg,3,broadly_consistent,broadly_consistent,historical_photo_review.v1,"An overhead plate contains leafy greens, skin-on potato-like pieces, pale crumbles and small seeds or nuts.",Broad potato-salad form is compatible; spice level and regional preparation are unverified.,,,Main salad components are readable with mild softness.,Plate is offset right and lower; a wide crop can cut lower potatoes while leaving upper empty space.,review_proposed_crop_against_full_frame,False,not assessed
53008,Stuffed Lamb Tomatoes,photos/53008.jpg,6e011d92dd9afa9398737f41f0a392a629383bb4dbccfafb3a6f8f8fa64bdfc9,True,False,inspection-sheets/photos-22.jpg,4,broadly_consistent,broadly_consistent,historical_photo_review.v1,Roasted red tomatoes have cut lids and a coarse green-tinted filling on a black plate.,Broad stuffed-tomato form is consistent; lamb cannot be established from the visible filling.,,,Front tomato and filling are clear; rear tomatoes are softer.,The tomatoes span the full height; wide crops can remove rear lids and the front tomato.,review_proposed_crop_against_full_frame,False,not assessed
53113,Sukuma Wiki,photos/53113.jpg,3b78763d8c91c1b968ad8866ebf5767bdbe927427ad90b2d35da44676e4388e3,True,False,inspection-sheets/photos-23.jpg,1,broadly_consistent,broadly_consistent,historical_photo_review.v1,Cooked dark greens with red-orange cubes and pale strips fill a turquoise bowl.,Broad cooked-greens form is compatible; plant variety and preparation are unverified.,,,Greens and vegetable pieces are clearly defined.,The centered bowl nearly fills the frame; wide cropping cuts its top and bottom.,review_proposed_crop_against_full_frame,False,not assessed
53065,Sushi,photos/53065.jpg,cfadbd867bbb625a1753f0aad3bbb92d682847a5530c4dcc5d8f8e35880f5806,True,False,inspection-sheets/photos-23.jpg,2,broadly_consistent,broadly_consistent,historical_photo_review.v1,"Dark seaweed-wrapped rice cylinders are topped with bright orange bead-like garnish, with a pale green mound at left.",Broad sushi form is consistent; roe species and filling ingredients are unverified.,,,Foreground rice and beads are readable; rear rolls are softly blurred.,The front rolls are already tightly framed; wide cropping loses their cylindrical shape and rice tops.,review_proposed_crop_against_full_frame,False,not assessed
52949,Sweet and Sour Pork,photos/52949.jpg,28fd4c431db31b4e67acf84cd5e1f502ca34a0bdc61b09129e450e2c0b5adcb8,True,False,inspection-sheets/photos-23.jpg,3,broadly_consistent,broadly_consistent,historical_photo_review.v1,"Glossy red-orange sauce coats bite-size pieces and chunky red, yellow and green vegetables on a plate.",Broad sweet-and-sour dish form is compatible; pork identity and sauce ingredients are unverified.,,,Front sauce and vegetables are clear; background meal is heavily blurred.,Main food sits low in frame; crop toward it without cutting the lower plate.,review_proposed_crop_against_full_frame,False,not assessed
53093,Syrian Spaghetti,photos/53093.jpg,2ec437860fecaaad9aac18a60a18353ffcf3752622292591e7780a1b52a968fd,True,False,inspection-sheets/photos-23.jpg,4,broadly_consistent,broadly_consistent,historical_photo_review.v1,A mound of dark sauce-coated thin spaghetti-like strands carries a white dollop and black flecks.,Broad spaghetti form is consistent; Syrian preparation and sauce components are unverified.,,,Center strands are clear; rear plate and garnish are softly focused.,Keep the pasta mound and dollop; shallow crops can cut the lower strands.,review_proposed_crop_against_full_frame,False,not assessed
52772,Teriyaki Chicken Casserole,photos/52772.jpg,b79ca7c67e4150bc8ec2d5175dea88b7cefa4226e13b505c2141653cb218dff8,True,False,inspection-sheets/photos-24.jpg,1,broadly_consistent,broadly_consistent,historical_photo_review.v1,"A dish of rice, green florets, orange pieces and shredded pale meat-like pieces has a wooden spoon entering from above.",Broad chicken-and-rice casserole form is consistent; sauce and meat species are unverified.,,,Central rice and vegetables are clear with some selective softness.,Food fills all edges; retain visible rice and shredded pieces rather than the spoon alone.,review_proposed_crop_against_full_frame,False,not assessed
53208,Thai coconut & veg broth,photos/53208.jpg,303a759f7ca8f4c93ddd9f3c177c88066994a3be426c8e89a25bc7fc1d1bac1b,True,True,inspection-sheets/photos-24.jpg,2,uncertain_photo_text_match,uncertain_photo_text_match,historical_photo_review.v1,"Orange broth contains noodles, lime slices, green leaves, mushrooms and several curled orange prawn-like forms.",Possible mismatch: prawn-like forms are visible despite the vegetable-broth title and Vegetarian source category; image is not an ingredient record.,,,Broth contents and curled segmented forms are clear in the original.,Retain full frame for transparency; do not crop out the photo/text uncertainty.,preserve_full_frame_with_notice,False,not assessed
53165,Torrijas with sherry,photos/53165.jpg,545d0d110c944c9ac7d7664fccbbb390ec4141af420b87e0dc4d00bf877a066a,True,False,inspection-sheets/photos-24.jpg,3,broadly_consistent,broadly_consistent,historical_photo_review.v1,Two browned bread slices are dusted with fine powder and surrounded by amber syrup on a white plate.,Broad sweet soaked-toast form is consistent; sherry and actual soaking method cannot be verified visually.,,,Bread crust and syrup are clear in the overhead view.,The overlapping slices extend vertically; wide cropping removes the upper/lower bread edges.,review_proposed_crop_against_full_frame,False,not assessed
53318,Torta de fiambre,photos/53318.jpg,4f202172c69d889985e94d90b24782fa82b01f9913b6285f1678429452e75cb8,True,False,inspection-sheets/photos-24.jpg,4,broadly_consistent,uncertain_photo_text_match,source-amendment-addendum.v2,"The supplied photo may show a different preparation. It shows a crimped, seed-topped shell and repeated filling layers, while the supplied instructions use a pourable batter around ham and cheese. The exact pictured variant and the recipe's completeness are unverified. No ingredients or steps have been inferred from the image.","Exact pictured variant, recipe completeness, hidden ingredients and rights remain unverified. No new photo inspection occurred during this staging task.",,,Layered cut face and pastry are clear.,Keep the cut face and lifted slice; wide cropping may cut the seeded top or lower layers.,preserve_full_frame_with_visible_source_uncertainty,False,not assessed
52975,Tuna and Egg Briks,photos/52975.jpg,df8042ae5d386800902ae4d4430dc63df50575b0e4f51867cdfaa55b006ed4a7,True,False,inspection-sheets/photos-25.jpg,1,broadly_consistent,broadly_consistent,historical_photo_review.v1,"Golden folded pastry pockets are cut open to show pale, yellow and green filling, with red garnish beside them.",Broad filled-brik form is consistent; tuna and egg contents cannot be conclusively identified.,,,Front pastry and filling are clear; background is softly blurred.,Keep the cut faces together; wide cropping may remove the lower pastry point.,review_proposed_crop_against_full_frame,False,not assessed
52972,Tunisian Lamb Soup,photos/52972.jpg,0c72062d22f8892ff100f5fbc648b97b92b71dc65e3a4181aca240a218adaf8d,True,False,inspection-sheets/photos-25.jpg,2,broadly_consistent,broadly_consistent,historical_photo_review.v1,"An ornate blue-and-white lidded tureen holds orange-brown soup with a central herb sprig, beside bread.",Broad soup form is compatible; lamb and regional recipe identity are unverified.,,,Vessel is clearly defined; soup has limited fine detail and mild softness.,Wide cropping cuts decorative vessel top and base; preserve enough tureen and soup surface.,review_proposed_crop_against_full_frame,False,not assessed
53249,Turkey Bánh mì,photos/53249.jpg,e05e8d25482990c596db0513283010d63675e6feb12ca085ffb72d6b3fda66a9,True,False,inspection-sheets/photos-25.jpg,3,broadly_consistent,broadly_consistent,historical_photo_review.v1,"A split crusty baguette holds pale meat-like pieces, shredded orange and purple vegetables and green leaves.",Broad banh-mi-style sandwich form is consistent; turkey species is unverified.,,,Front sandwich filling is clear with slightly soft fine detail.,Sandwich is tall and diagonal; wide cropping can cut both ends and some filling.,review_proposed_crop_against_full_frame,False,not assessed
53187,Šúĺlance s Makom,photos/53187.jpg,33438718fc6d3f9538c053b54aa416f7c9e68a7bd02ec981e666087d86cd58d7,True,False,inspection-sheets/photos-25.jpg,4,broadly_consistent,broadly_consistent,historical_photo_review.v1,Pale elongated dumpling-like pieces in a brown bowl are covered with dark seeds and fine white powder.,Broad sweet dumpling form is compatible; poppy-seed identity and dough composition are unverified.,,,Front pieces and seeds are clear; rear bowl is strongly blurred.,The bowl and pieces are already close; wide cropping cuts front tips and rear pieces.,review_proposed_crop_against_full_frame,False,not assessed
