recipeId	observation	qualityObservation	cropCaveat	matchLimit
53262	Grilled elongated minced-meat skewers fill a patterned platter, with fresh garnish around the edges.	Meat texture is clear; rear garnish is softer.	The lower-right © CHILI TO CHOC mark is outside a centered 4:3 crop; preserve the entire frame and mark.	Broad kebab form is consistent; meat type and recipe attribution cannot be proved visually.
53169	A brown bowl contains smooth pale soup with light slices, oil droplets and a small central garnish.	Soup and bowl are clear, with a shallow-focus background.	Wide cropping removes the bowl base and top rim; keep the central soup surface and rim readable.	Pale soup form is compatible; garlic and almond composition cannot be confirmed from appearance.
53138	Three round sandwich biscuits are stacked with dark filling and white shreds around the edges.	Front biscuit layers are clear; background is softly blurred.	Wide cropping cuts the tall stack and its plate; square or full frame preserves all layers.	Broad filled-biscuit form is consistent; filling identity is unverified.
53281	Brown round meatball-like pieces and small pale round items sit in reddish sauce in a decorated bowl.	Visible coarse pixels and soft edges reduce fine detail.	The bowl fills the frame; wide crops cut its rim and lower contents.	Broad meatball-stew form is consistent; exact ingredients and regional identity are unverified.
53049	Thick folded pancake portions show a pale filling with small yellow pieces, beside a cup.	Foreground filling is readable; the rear cup and lights are blurred.	Keep a cut face in view; an upper crop could prioritize the empty background and cup.	Folded filled-pancake form is consistent; filling composition is unverified.
53380	A sugar-dusted round cake has a wedge removed; a separate slice sits on a plate to the right.	Cake crust and cut fruit-like pieces are clear.	The cake at left and slice at right are both useful; narrow crops can lose one and wide crops trim cake edges.	Cake form is consistent; fruit identity cannot be proved by the image alone.
53389	A rectangular red baking dish holds a browned ridged pale topping over a darker lower layer, with a portion removed.	Foreground topping and cut layers are clear; background serving is softer.	Keep the cutaway at left and ridged topping; a tight center crop may hide the layered form.	Compatible baked mash/casserole presentation; apple and exact recipe identity are not visible enough to establish.
53334	An opened round pale bread is filled high with dark beans, shredded white topping and browned strips.	Filling and bread texture are clear, with a soft background.	The filling is tall and close to the frame edges; retain top bread and bottom filling together.	Broad stuffed-arepa form is consistent; exact filling components are unverified.
53094	A mound of gray-beige textured dip with oil pools is served with triangular toasted flatbread pieces.	Dip texture is visible; the top background is softer.	Wide crops can remove most bread tips; preserve dip and at least some bread context.	Broad dip presentation is compatible; the puree's ingredients are not visually identifiable.
53103	A browned rectangular fish-fillet-like portion sits over red and green vegetables on a dark plate, with lemon.	Main portion and vegetables are sharp; dark plate gives clear contrast.	Preserve the central fillet and lemon; wide cropping trims upper plate and lower bread.	Broad fish-dish form is consistent; species and seasoning cannot be verified from appearance.
52928	Several elongated fried-dough-like pieces have varied sweet toppings, including fruit slices and dark spreads.	Surface texture and toppings are clear across the overhead view.	Multiple pieces are already cut by frame edges; square/full view best preserves the assortment.	Broad sweet fried-pastry form is consistent; specific dough and topping recipes are unverified.
53071	A close view shows brown sauce-coated meat-like slices with yellow wedges and red vegetable strips.	Glossy sauce is readable, though overall fine detail is soft.	Food already fills the frame; shallow crops remove much of the recognizable plate and pieces.	Broad meat-stew form is consistent; species and Asado method are unverified.
53070	An overhead plate contains reddish stew with large brown pieces, yellow wedges and red/green vegetables.	Large pieces are distinct; some fine textures are slightly soft.	The centered plate nearly fills the frame; wide crops cut top and bottom stew areas.	Broad stew form is consistent; ingredient species and exact recipe are unverified.
53053	Several dark brown meat-like chunks sit over white rice with a lime wedge and green garnish.	Main subject is dim and fairly soft; dark coating obscures fine texture.	Keep rice, dark pieces and lime together; wide crops remove lower rice and top rim.	Broad Rendang-style plate is compatible; meat species and sauce composition are unverified.
53307	Vivid magenta shredded vegetables fill a transparent upright glass bowl.	Front shreds and glass are clear; background is blurred.	Wide cropping cuts the bowl base and tall vegetable mound; retain full bowl when possible.	Broad shredded-vegetable form is consistent; fermentation and both named vegetables cannot be verified visually.
53313	A group of dark red rough-textured patties sits on a white plate with a white dollop.	Front patties are detailed, with shallower focus toward the back.	Several patties touch frame edges; wide crops cut front and rear patties.	Broad red vegetable-patty form is compatible; beetroot and recipe composition are unverified.
53316	A tall stack of magenta pancakes carries dark berries, bright pink sauce and a white topping.	Stack and toppings are sharp and brightly lit.	Wide cropping loses the top berry or lower stack; keep the full vertical subject.	Pancake form and red color are consistent; beetroot content is unverified.
53018	A white bowl contains shredded orange-brown vegetables with browned sausage-like slices and a green leaf.	Contents are well defined in an overhead view.	The bowl reaches the right edge; wide cropping also removes upper and lower bowl context.	Broad cabbage-and-sausage stew appearance is compatible; exact ingredients are unverified.
53080	Thin golden pancakes are stacked on a plate, with jars and fruit partly visible around them.	Front pancake surfaces and edges are clear; background props are softer.	Keep the front layered edge and top pancake; wide crops cut the stack base.	Broad thin-pancake form is consistent; batter composition is unverified.
53385	A golden round shallow cake has a wedge removed and scored top, with a cut slice in front.	Crust and dense crumb are clearly visible.	The cake reaches both sides; preserve the front cut face when cropping.	Broad butter-cake form is compatible; butter content and named regional recipe are unverified.
53036	Golden irregular patties share a blue plate with a fried egg, browned meat slices and tomatoes.	Front patties are clearer than the slightly blurred egg and tomatoes.	Wide crops risk losing the egg above or patties below; show the whole breakfast plate where possible.	Breakfast plate and potato-patty-like form are compatible; actual patty composition is unverified.
53076	Four browned bread squares with yellow coating and green garnish are stacked on a white plate.	Main bread surfaces are readable with mild softness.	A moderate wide crop keeps the central stack; avoid cutting the lower bread edges.	Broad bread-and-egg-like presentation is consistent; photo cannot supply the missing cooking method.
52965	A dark skillet contains golden potato-like chunks, browned pink pieces and chopped pale and green garnish.	Foreground pieces are clear, with selective focus toward the rear.	Food is already clipped along the right and bottom; preserve the skillet curve and central pieces.	Broad breakfast-potato form is consistent; added components are unverified.
52842	A white handled bowl holds smooth green soup with pale crumbles and brown garnish in the center.	Soup and garnish are clear; highlights on the bowl are bright.	Wide cropping removes the bowl base/handles; keep the central soup surface and some vessel context.	Broad green-soup form is compatible; broccoli and Stilton cannot be proved visually.
52940	Dark brown glazed chicken-like pieces are piled on a plate, with a spoon lifting a portion at upper left.	Center piece is clearer; foreground/background blur and dark sauce reduce fine detail.	The lifted piece is important context near the top; a wide crop may cut it.	Broad brown-stew form is consistent; species and cooking process are unverified.
53190	Small pale dumpling-like pieces in creamy coating are topped with browned cubes on a white plate.	Overhead pieces and topping are clearly separated.	Wide crops cut the plate top/bottom; central dumplings remain legible.	Broad dumpling dish is compatible; cheese type and dough ingredients are unverified.
53060	Flaky golden pastry wedges show a crumbly brown filling in exposed cut faces.	Pastry layers and front filling are clear; background is blurred.	Keep the exposed cut faces; a high crop wastes space above and can remove the filling.	Broad filled-pastry form is consistent; filling ingredients are unverified.
53256	A shallow bowl contains a pale creamy mixture with green pieces/herbs and yellow oil, with a spoon at right.	Mixture texture and garnish are clear.	The bowl already approaches the right edge; wide crops remove top/bottom rim.	Broad yogurt-and-vegetable dip form is compatible; exact composition is unverified.
52819	Folded tortillas hold browned white fish-like strips, greens and sauce, arranged diagonally.	Front filling is clear with a softer upper area.	Food fills all edges; retain one complete central taco and its filling in tighter crops.	Broad fish-taco form is consistent; fish species and spice blend are unverified.
53361	Cooked dark leafy greens and pale flakes fill a white bowl, with a yellow pepper-like piece in front.	Leaf and flake textures are clear.	The food reaches the right edge; wide cropping removes the upper bowl and foreground greens.	Broad greens-and-flaked-fish appearance is compatible; plant/species and salting cannot be verified.
52939	An oval dish holds cooked chopped dark greens, pale onion-like pieces and a few orange/red pieces.	Contents are visible with mild softness and muted contrast.	The elongated vertical dish is cut by a wide crop; retain its upper/lower contents.	Broad cooked-greens form is compatible; callaloo variety and preparation are unverified.
53330	A small round pizza with melted pale topping, red slices and green leaves has one wedge pulled aside.	Pizza and toppings are clear; background props are softly focused.	Keep the separated slice and round crust; a tight crop may lose the pizza outline.	Pizza form is consistent; a cassava crust is not distinguishable from appearance.
53055	Many browned short finger-shaped meat-like pieces sit on a white plate with flatbread and onion rings nearby.	Pieces and browned surfaces are clear.	Center crop retains the main plate; wide crops remove bread above and onions below.	Broad small-sausage form is consistent; meat blend is unverified.
52969	A dark pan holds red-orange sauce with four bright egg yolks and scattered green herbs.	Eggs and sauce are clear, with slight softness toward the top.	Wide crops can cut upper/lower eggs; preserve the recognizable eggs-in-sauce composition.	Broad egg-and-tomato-sauce form is consistent; exact recipe composition is unverified.
52934	A shallow pan contains browned chicken-like portions over rice-like grains, sausage-like rounds and yellow wedges.	Food is readable but slightly soft compared with sharper catalogue photos.	The pan fills lower frame; wide cropping can trim the lower handle and upper chicken pieces.	Broad chicken casserole form is compatible; regional recipe and individual ingredients are unverified.
52850	A browned chicken-like portion sits among pale round grains and greens in a white bowl, with a fork at right.	Main portion and grain shapes are clear.	Wide cropping removes top/bottom bowl and fork context; keep main portion with surrounding grains.	Broad chicken-and-couscous-like form is consistent; specific grain or seasoning is unverified.
52765	A spatula lifts a red-sauced layered portion with browned melted topping from a red casserole dish.	Lifted layers and topping are clear.	The lifted portion is near the top/right; wide crops may cut it and lose the explanatory serving action.	Broad layered enchilada-casserole form is compatible; chicken filling is not conclusively visible.
52831	Brown fried bite-size pieces with pale drizzled sauce rest on lettuce on a wooden board, with a lemon wedge.	Front pieces are readable; the rear is softer. Printed placemat text is visible below the board.	Keep the food mound and lemon; do not confuse existing background print with recipe attribution.	Broad fried-chicken form is compatible; species and cooking method are unverified.
53011	Pale grilled chicken-like chunks sit over leafy greens, red pieces and small grains on a white plate.	Image is visibly soft and low in fine contrast.	Food fills the frame vertically; wide cropping cuts foreground greens and upper pieces.	Broad chicken-and-grain salad form is compatible; quinoa and other ingredients cannot be conclusively identified.
53265	Brown crumb-coated bone-in chops are piled on a lined tray with lemon and a small dip bowl.	Crumb texture and projecting bones are clear.	Long bones extend upward and sideways; wide crops can remove the recognizable chop silhouette.	Broad chop form is consistent; species and chilli/ginger seasoning are unverified.
52839	Long pale ribbon pasta is mixed with pink-orange shellfish-like pieces and chopped green garnish in a white bowl.	Pasta and foreground shellfish shapes are clear.	Keep both the pasta and several shellfish shapes; wide crops trim bowl edges.	Broad prawn-pasta form is consistent; chilli and exact pasta dimensions are unverified.
53320	Dark round sandwich biscuits with brown filling are piled in a pale dish beside a filling jar.	Biscuit edges and filling are clear, with a softly blurred rear jar.	The highest stacked biscuit sits near the top; wide cropping may cut the stack and foreground biscuits.	Broad dark filled-biscuit form is consistent; chocolate and filling composition are unverified.
53289	An orange-brown soup with green garnish fills a dark round bowl, with a spoon entering from the right.	Strong pixelation and soft blocks obscure fine contents even in the original image.	The bowl nearly fills the image; wide cropping further reduces useful context. Avoid oversized display.	Only broad soup form is supported; lamb, tomato and freekeh cannot be verified visually.
53136	Several long bread rolls contain browned sausage-like filling and chopped green topping.	Central roll and filling are clear; frame cuts neighboring rolls.	Retain the whole central roll when possible; shallow crops cut its ends or top edge.	Broad sausage-sandwich form is consistent; sausage and sauce ingredients are unverified.
52840	A large white bowl contains pale creamy soup with small chunks and green flecks, beside a basket of crackers.	Soup surface and bowl are clear; rear crackers are softer.	Wide crops cut the bowl base and rim; keep the soup surface and vessel recognizable.	Broad chowder form is compatible; clam content cannot be identified conclusively.
52998	Pink sliced meat, a pale green cabbage wedge, yellow chunks and orange pieces share a plate.	Front slices and cabbage layers are clear.	Keep the meat and cabbage together; wide crops can trim the cabbage tip and foreground meat.	Broad corned-meat-and-cabbage form is consistent; curing and species are unverified.
52779	A round pastry tart is covered with multicolored small tomato-like slices and large green leaves.	Overhead tart and crust are clearly defined.	Wide crops cut the circular crust; full square preserves the whole tart.	Tart form is consistent; a cream-cheese layer is obscured by toppings and cannot be confirmed.
52841	Smooth orange soup fills a white bowl, with shredded pale topping and green leaves in the center.	Soup surface is clear; background crackers are out of focus.	The bowl is already clipped at right; wide crops remove its base and top rim.	Broad creamy orange-soup form is compatible; tomato content is unverified.
53072	Large golden crumb-coated pieces retain green stems, beside a small red dipping-sauce bowl.	Crumb texture is readable though slightly soft.	The pieces reach top and bottom edges; wide crops may remove the stem and distinctive cut form.	Broad crumbed-eggplant form is compatible; cooking texture cannot be proved from appearance.
53092	Glossy cooked green bean-like lengths and pale translucent pieces fill a white bowl.	Dark exposure and soft detail flatten the bean surfaces.	Food already fills most of the image; wide crops remove bowl context without adding detail.	Broad cooked-green-bean form is consistent; olive oil and preparation are unverified.
53188	Two browned round patties sit beside pale mash and red/white garnish on a white plate.	Front patty crusts are clear with selective focus behind them.	Keep both patties and the side dish; wide crops can trim the lower patty and upper mash.	Broad patty form is compatible; meat mixture and named recipe cannot be established visually.
53030	A thick rectangular golden pastry shows many pale flaky layers along a cut side on a white plate.	Front layers are readable, with dim bluish lighting and a softer rear area; background print is visible.	Preserve the exposed layered side; a high or shallow crop can hide it.	Broad layered flat-pastry form is consistent; dough composition and method are unverified.
53064	An overhead white plate is heaped with pale ribbon pasta in creamy sauce and fine green garnish.	Central noodles are clear, with slight edge softness.	Wide crops cut the plate and outer noodles; retain the central ribbon shapes.	Broad Alfredo-pasta form is consistent; this remains distinct from recipe 52835 despite similar titles.
52835	A side-lit mound of pale ribbon pasta with fine shredded topping sits on a shallow plate above dark textured fabric.	Front/middle pasta is clear; background is softly blurred.	A center-wide crop keeps pasta but can cut its top; avoid centering on the dark fabric below.	Broad Alfredo-pasta form is consistent; cream type cannot be identified, and ID must remain distinct from 53064.
53043	Golden oval crumb-coated croquettes fill a tray, with one opened to show pale and green filling.	Crumbs and open filling are clear.	The open croquette at upper left provides context; wide crops can remove it.	Broad croquette form is consistent; fish content cannot be conclusively identified.
53079	Orange broth in a white bowl contains pink fish-like flakes, pale chunks and orange pieces, with a spoon at right.	Soup components are clearly separated in the overhead view.	The bowl nearly fills the frame; wide crops cut upper/lower contents.	Broad fish-soup form is consistent; species and recipe composition are unverified.
53122	A shallow bowl holds creamy soup with pink and pale pieces, green herbs, a spoon and a bread piece.	Soup and visible pieces are readable with modest softness.	Keep the spoonful and bowl center; wide crops remove some rim and bread context.	Broad creamy fish-soup form is consistent; species and regional recipe are unverified.
52815	An overhead white bowl contains many small dark lentil-like grains with tiny orange and pale pieces.	Small contents are discernible but not especially crisp.	Wide crops cut the top/bottom of the round bowl; central lentil mass remains visible.	Broad lentil-dish form is consistent; garlic and thyme cannot be confirmed visually.
52957	Golden square pastries with pale centers and red/dark berry-like toppings lie on a lined tray, with a hand at bottom.	Pastry layers and fruit shapes are readable with mild softness.	Wide crops trim pastries at top/bottom and the hand; preserve the assortment without implying a serving count.	Broad fruit-pastry form is consistent; cream-cheese filling and all fruit types are unverified.
53025	A tray outdoors holds flatbread, a small bowl of brown beans, a salad bowl and leafy greens.	Main food is readable, with a relatively low-detail background and printed paper under the tray contents.	The actual bean bowl is small and near the upper center; ensure a crop does not emphasize bread or salad alone.	Broad beans-with-accompaniments form is compatible; bean variety and exact preparation are unverified.
52896	A crowded breakfast plate holds eggs, sausage-like pieces, browned meat, beans, tomatoes and mushrooms, with branded bottles behind.	Food is readable but somewhat coarse; multiple product labels are visible in the scene.	The plate and many components span the image; wide crops cut food below and bottles above.	Broad full-breakfast form is consistent; labels on condiments do not establish recipe ingredients or endorsement.
53123	A plate holds pale cooked meat with bones, yellow potato-like pieces and a cabbage wedge in light sauce.	Food shapes are visible with soft, flat lighting.	Keep meat and cabbage together; wide crops trim the tall cabbage and lower sauce area.	Broad meat-and-cabbage plate is compatible; lamb and regional preparation cannot be verified visually.
52827	Orange curry with pale chunks and green garnish sits over white rice in a brown bowl.	Curry and rice are clear, with a softly focused upper background.	The bowl is clipped at left; preserve both curry and some rice in a crop.	Broad curry form is compatible; pale cooked pieces do not establish beef identity or Massaman seasoning.
52968	A very close view shows browned roasted meat surfaces with charred lines and a visible cut section.	Meat texture is clear, with selective focus; the original is 698 by 698 pixels.	The original is already tightly cropped; further cropping loses context and cannot identify the whole cut.	Broad roasted-meat form is consistent; goat species is not visually established.
52880	A cut pastry pie exposes a thick crumbly brown filling with small red and green pieces beneath a golden lid.	Front filling is clear; rear pastry and background blur softly.	Keep the exposed filling and lid together; wide cropping can remove the crust edge.	Broad meat-pie form is compatible; specific filling and named variant are unverified.
53048	Brown sauce-coated noodles with sprouts and red/green slices are piled on a leaf-lined plate with a lime half.	Noodles and garnish are readable with mild softness.	Keep noodle strands and lime visible; wide crops can cut both upper garnish and lower lime.	Broad fried-noodle form is consistent; sauce and exact ingredients are unverified.
53047	A round white bowl holds smooth bright orange soup with a pale dollop and green herb garnish.	Soup and vessel are clearly visible; rear items are softer.	Wide cropping loses the bowl base and top rim; retain the central garnish and soup surface.	Broad carrot-colored soup form is compatible; carrot and Moroccan seasoning cannot be proved visually.
53006	A browned pale-topped casserole in a dark pan has an opened section showing dark vegetable slices and crumbly filling.	Image is visibly grainy and soft, limiting fine filling detail.	The opened lower section is the most explanatory part; do not crop it away.	Broad layered casserole form is consistent; exact moussaka ingredients are unverified.
53038	Chunky pale mash with skin-on potato-like pieces, tiny seeds and green flecks fills a white bowl.	Front mixture is readable; the rear is softly focused.	Keep the front textured mixture and some bowl rim; wide crops remove the vessel base.	Broad mash form is consistent; mustard type and composition are unverified.
53223	Browned stuffed flatbread pieces are stacked on a white plate, with exposed pale and green filling and a small sauce bowl behind.	Front cut faces are clear; background is softly blurred.	Keep the upright cut faces; wide cropping can remove the top of the stack or lower point.	Broad stuffed-flatbread form is consistent; filling ingredients are unverified.
53150	Blistered green peppers with browned patches fill an orange-brown bowl.	Front pepper skins are clear; rear peppers and a glass are softer.	A moderate wide crop retains central peppers, but trims the bowl base and tall stems.	Broad cooked-pepper form is consistent; cultivar and added salt are not established by appearance.
53333	Three glass cups hold pale yellow dessert topped with orange seeded pulp, beside a cut purple-skinned fruit.	Foreground topping is clear; rear cups are mildly softer.	The front cup runs beyond the bottom edge; wide cropping further hides its mousse layer.	Broad passion-fruit-dessert form is consistent; mousse texture and composition are unverified.
52837	Long pasta with dark olives, fish-like pieces, green leaves and reddish sauce sits on a blue patterned plate.	Food is readable with moderate softness.	Keep both pasta and visible topping; a wide crop may remove the upper fish-like pieces and lower noodles.	Broad fish-and-pasta form is compatible; pilchard species and sauce composition are unverified.
53039	Browned flattened chicken-like portions share a tray with orange wedges, shredded slaw, lime and a sauce jar.	Main food is sharp with strong color contrast.	The crowded tray reaches all edges; wide crops remove sauce/lime above and chicken/slaw below.	Broad chicken-and-slaw form is consistent; chilli level and exact sauce are unverified.
53044	Several thin grilled meat-like slices with dark grill lines lie on a white plate beside lemon and leafy greens.	Grill lines and sliced edges are clear.	Main meat is low in the image; center-wide cropping can trim lower portions while preserving excess white space above.	Broad grilled-meat form is consistent; pork species and regional preparation are unverified.
52804	Golden fries are coated in brown gravy and scattered pale curd-like pieces on a metal plate.	Foreground fries and curds are clear; the rear is deliberately blurred.	Keep gravy, fries and pale curds together; tight crops can show only blurred background fries.	Broad poutine form is consistent; cheese and gravy ingredients are unverified.
53230	Green broccoli stalks and florets on a white oval platter carry many thin tan slices, with a serving hand at right.	Visible stalks are readable but overall detail is somewhat soft.	Preserve the whole broccoli presentation for transparency; do not crop to hide the photo/text uncertainty.	Possible mismatch: no obvious batter is visible while title and method describe tempura; visual evidence cannot establish the actual preparation.
52962	A tall open sandwich stacks pink-orange fish-like slices, onion rings, a poached egg and yellow sauce on a bread base.	Front egg and fish-like layers are clear; background bread is softer.	The tall subject is already clipped at top/right; wide cropping cuts key egg and base layers.	Broad salmon-and-egg Benedict form is consistent; exact fish identity and preparation are unverified.
53215	An overhead dark skillet contains eggs in red-orange sauce with chopped green garnish.	Eggs and sauce are clear throughout the central pan.	Wide crops cut upper/lower eggs and the handle; full frame better preserves the round composition.	Broad eggs-in-sauce form is consistent; preserve this ID separately from Chakchouka and Shakshuka Feta Cheese.
53219	A dark pan contains eggs in vivid red sauce with pale crumbles and green garnish.	Main contents are clear, with strongly saturated reds.	Pan and contents reach several frame edges; wide cropping removes further eggs and garnish.	Broad eggs-in-sauce-with-crumbles form is consistent; cheese identity is unverified and similar recipe IDs stay distinct.
52953	Wide glossy noodles, sprouts, mushroom-like slices and a prominent curled orange shellfish-like piece fill a patterned bowl.	Central shellfish and noodle shapes are clear.	The bowl is tightly framed; retain the central shellfish and broad noodles in any crop.	Broad shrimp-and-wide-noodle form is consistent; exact sauce and species are unverified.
53260	A large browned roast-like cut is covered with herbs and pale wedges in a dark roasting dish.	Strong visible pixelation and blocky edges obscure fine texture in the original.	The original is already close; additional cropping magnifies quality limitations. Avoid oversized display.	Only broad roast-meat form is supported; lamb, cinnamon, fennel and citrus cannot be established visually.
52964	A pan of yellow rice has pale fish-like flakes, quartered eggs and abundant green garnish.	Main components are discernible but somewhat coarse and warmly lit.	Keep eggs and rice together; wide cropping can trim eggs near the top and lower rice.	Broad kedgeree form is consistent; haddock species and smoking are unverified.
52982	Long pale pasta is coated with sauce and topped with small pink-brown cubes, grated white topping and black flecks.	Pasta and toppings are clear; original image is 800 by 800 pixels.	A moderate wide crop retains the pasta mound; avoid cutting the lower plate too tightly.	Broad carbonara-pasta form is consistent; exact meat, cheese and sauce composition are unverified.
53175	A red casserole pot contains brown meat-like chunks, pale beans and red pieces in sauce, with a spoon entering from right.	Front food is clear; back of pot is strongly blurred.	Keep the front meat and beans; wide cropping can emphasize blurred background or cut the lower pot.	Broad meat-and-bean stew form is consistent; lamb cut and Spanish preparation are unverified.
53105	Orange-brown grilled chicken-like pieces with dark parallel char marks are piled on a wooden serving board.	Front grill-mark texture is readable with moderate softness.	The pieces fill the frame; wide cropping trims the upper/rear and foreground pieces.	Broad grilled-chicken form is consistent; smoky flavor and spice mixture are unverified.
52797	An overhead plate contains leafy greens, skin-on potato-like pieces, pale crumbles and small seeds or nuts.	Main salad components are readable with mild softness.	Plate is offset right and lower; a wide crop can cut lower potatoes while leaving upper empty space.	Broad potato-salad form is compatible; spice level and regional preparation are unverified.
53008	Roasted red tomatoes have cut lids and a coarse green-tinted filling on a black plate.	Front tomato and filling are clear; rear tomatoes are softer.	The tomatoes span the full height; wide crops can remove rear lids and the front tomato.	Broad stuffed-tomato form is consistent; lamb cannot be established from the visible filling.
53113	Cooked dark greens with red-orange cubes and pale strips fill a turquoise bowl.	Greens and vegetable pieces are clearly defined.	The centered bowl nearly fills the frame; wide cropping cuts its top and bottom.	Broad cooked-greens form is compatible; plant variety and preparation are unverified.
53065	Dark seaweed-wrapped rice cylinders are topped with bright orange bead-like garnish, with a pale green mound at left.	Foreground rice and beads are readable; rear rolls are softly blurred.	The front rolls are already tightly framed; wide cropping loses their cylindrical shape and rice tops.	Broad sushi form is consistent; roe species and filling ingredients are unverified.
52949	Glossy red-orange sauce coats bite-size pieces and chunky red, yellow and green vegetables on a plate.	Front sauce and vegetables are clear; background meal is heavily blurred.	Main food sits low in frame; crop toward it without cutting the lower plate.	Broad sweet-and-sour dish form is compatible; pork identity and sauce ingredients are unverified.
53093	A mound of dark sauce-coated thin spaghetti-like strands carries a white dollop and black flecks.	Center strands are clear; rear plate and garnish are softly focused.	Keep the pasta mound and dollop; shallow crops can cut the lower strands.	Broad spaghetti form is consistent; Syrian preparation and sauce components are unverified.
52772	A dish of rice, green florets, orange pieces and shredded pale meat-like pieces has a wooden spoon entering from above.	Central rice and vegetables are clear with some selective softness.	Food fills all edges; retain visible rice and shredded pieces rather than the spoon alone.	Broad chicken-and-rice casserole form is consistent; sauce and meat species are unverified.
53208	Orange broth contains noodles, lime slices, green leaves, mushrooms and several curled orange prawn-like forms.	Broth contents and curled segmented forms are clear in the original.	Retain full frame for transparency; do not crop out the photo/text uncertainty.	Possible mismatch: prawn-like forms are visible despite the vegetable-broth title and Vegetarian source category; image is not an ingredient record.
53165	Two browned bread slices are dusted with fine powder and surrounded by amber syrup on a white plate.	Bread crust and syrup are clear in the overhead view.	The overlapping slices extend vertically; wide cropping removes the upper/lower bread edges.	Broad sweet soaked-toast form is consistent; sherry and actual soaking method cannot be verified visually.
53318	A tall golden pastry pie with a seeded top has a wedge removed, exposing repeated pale and pink layers.	Layered cut face and pastry are clear.	Keep the cut face and lifted slice; wide cropping may cut the seeded top or lower layers.	Broad layered savory-pie form is consistent; meat and cheese identities are unverified.
52975	Golden folded pastry pockets are cut open to show pale, yellow and green filling, with red garnish beside them.	Front pastry and filling are clear; background is softly blurred.	Keep the cut faces together; wide cropping may remove the lower pastry point.	Broad filled-brik form is consistent; tuna and egg contents cannot be conclusively identified.
52972	An ornate blue-and-white lidded tureen holds orange-brown soup with a central herb sprig, beside bread.	Vessel is clearly defined; soup has limited fine detail and mild softness.	Wide cropping cuts decorative vessel top and base; preserve enough tureen and soup surface.	Broad soup form is compatible; lamb and regional recipe identity are unverified.
53249	A split crusty baguette holds pale meat-like pieces, shredded orange and purple vegetables and green leaves.	Front sandwich filling is clear with slightly soft fine detail.	Sandwich is tall and diagonal; wide cropping can cut both ends and some filling.	Broad banh-mi-style sandwich form is consistent; turkey species is unverified.
53187	Pale elongated dumpling-like pieces in a brown bowl are covered with dark seeds and fine white powder.	Front pieces and seeds are clear; rear bowl is strongly blurred.	The bowl and pieces are already close; wide cropping cuts front tips and rear pieces.	Broad sweet dumpling form is compatible; poppy-seed identity and dough composition are unverified.
